antecedents,consequents,antecedent support,consequent support,support,confidence,lift,leverage,conviction
frozenset({'SKU_7351914'}),frozenset({'SKU_4472217'}),0.007440789566047537,0.0015443148155947718,0.0014179617852279269,0.19056603773584907,123.39843910806175,0.0014064708636613566,1.2335233406707105
frozenset({'SKU_4472217'}),frozenset({'SKU_7351914'}),0.0015443148155947718,0.007440789566047537,0.0014179617852279269,0.9181818181818182,123.39843910806175,0.0014064708636613566,12.131279238637202
frozenset({'SKU_3908011'}),"frozenset({'SKU_2716578', 'SKU_3988011'})",0.006219376939168035,0.0022883937721995254,0.0012073734012831851,0.19413092550790068,84.8328324724065,0.0011931410178286316,1.2380566990445816
"frozenset({'SKU_2716578', 'SKU_3988011'})",frozenset({'SKU_3908011'}),0.0022883937721995254,0.006219376939168035,0.0012073734012831851,0.5276073619631901,84.83283247240648,0.0011931410178286316,2.1037174228430597
frozenset({'SKU_3988011'}),"frozenset({'SKU_3908011', 'SKU_2716578'})",0.008844712125679147,0.0016847070715579329,0.0012073734012831851,0.1365079365079365,81.0276984126984,0.0011924726522191593,1.1561371958546296
"frozenset({'SKU_3908011', 'SKU_2716578'})",frozenset({'SKU_3988011'}),0.0016847070715579329,0.008844712125679147,0.0012073734012831851,0.7166666666666666,81.0276984126984,0.0011924726522191593,3.498195133674072
"frozenset({'SKU_3908011', 'SKU_3988011'})",frozenset({'SKU_2716578'}),0.0018531777787137262,0.009911693270999172,0.0012073734012831851,0.6515151515151515,65.73197270151944,0.0011890052715639431,2.8411229671353935
frozenset({'SKU_2716578'}),"frozenset({'SKU_3908011', 'SKU_3988011'})",0.009911693270999172,0.0018531777787137262,0.0012073734012831851,0.12181303116147307,65.73197270151944,0.0011890052715639431,1.136599445948755
frozenset({'SKU_9364227'}),frozenset({'SKU_9304227'}),0.0034255710455011303,0.0032290218871527045,0.0007019612798158054,0.20491803278688525,63.461332858161086,0.0006909000359338857,1.2536707147398698
frozenset({'SKU_9304227'}),frozenset({'SKU_9364227'}),0.0032290218871527045,0.0034255710455011303,0.0007019612798158054,0.2173913043478261,63.461332858161086,0.0006909000359338857,1.2734006592196376
"frozenset({'SKU_2726578', 'SKU_3998011'})",frozenset({'SKU_3908011'}),0.002990355052015331,0.006219376939168035,0.0009687065661458114,0.323943661971831,52.086192096143456,0.0009501084208953826,1.4699671716108138
frozenset({'SKU_3908011'}),"frozenset({'SKU_2726578', 'SKU_3998011'})",0.006219376939168035,0.002990355052015331,0.0009687065661458114,0.15575620767494355,52.08619209614345,0.0009501084208953826,1.1809499270373187
frozenset({'SKU_7783784'}),frozenset({'SKU_3163783'}),0.004492552190821154,0.0025551390585295316,0.0005756082494489604,0.12812500000000002,50.1440418956044,0.0005641291538737109,1.1440227795744464
frozenset({'SKU_3163783'}),frozenset({'SKU_7783784'}),0.0025551390585295316,0.004492552190821154,0.0005756082494489604,0.22527472527472528,50.144041895604396,0.0005641291538737109,1.284981244689862
frozenset({'SKU_1069332'}),frozenset({'SKU_7382655'}),0.0030886296311895436,0.006879220542194892,0.001038902694127392,0.33636363636363636,48.89560296846011,0.001017655329721281,1.4964833663062818
frozenset({'SKU_7382655'}),frozenset({'SKU_1069332'}),0.006879220542194892,0.0030886296311895436,0.001038902694127392,0.1510204081632653,48.89560296846011,0.001017655329721281,1.1742465660594164
frozenset({'SKU_2988370'}),frozenset({'SKU_8338370'}),0.004197728453298516,0.0028359235704558537,0.0005475297982563282,0.13043478260869565,45.99375807145932,0.0005356253611932457,1.1467386878939758
frozenset({'SKU_8338370'}),frozenset({'SKU_2988370'}),0.0028359235704558537,0.004197728453298516,0.0005475297982563282,0.19306930693069305,45.99375807145931,0.0005356253611932457,1.234061710751127
frozenset({'SKU_3968011'}),"frozenset({'SKU_4440924', 'SKU_3898011'})",0.01861601314071516,0.0013477656572463462,0.0010950595965126563,0.058823529411764705,43.6452205882353,0.0010699695733267537,1.0610679989891758
"frozenset({'SKU_4440924', 'SKU_3898011'})",frozenset({'SKU_3968011'}),0.0013477656572463462,0.01861601314071516,0.0010950595965126563,0.8125,43.64522058823529,0.0010699695733267537,5.234047929916186
frozenset({'SKU_7783784'}),frozenset({'SKU_3672270'}),0.004492552190821154,0.0031869042103637563,0.0006177259262379087,0.13749999999999998,43.14531938325991,0.0006034085927457019,1.1557253284517521
frozenset({'SKU_3672270'}),frozenset({'SKU_7783784'}),0.0031869042103637563,0.004492552190821154,0.0006177259262379087,0.19383259911894274,43.14531938325991,0.0006034085927457019,1.2348644297960851
"frozenset({'SKU_3898011', 'SKU_3690654'})",frozenset({'SKU_3968011'}),0.0020216484858695196,0.01861601314071516,0.0016145109435763522,0.798611111111111,42.89914844142785,0.0015768759087974983,4.873079107163344
frozenset({'SKU_3968011'}),"frozenset({'SKU_3898011', 'SKU_3690654'})",0.01861601314071516,0.0020216484858695196,0.0016145109435763522,0.08672699849170437,42.89914844142785,0.0015768759087974983,1.0927492106587424
"frozenset({'SKU_3908011', 'SKU_3998011'})",frozenset({'SKU_2726578'}),0.0017127855227505651,0.013463617346867147,0.0009687065661458114,0.5655737704918032,42.00756423186721,0.000945646277270244,2.2708950695034376
frozenset({'SKU_2726578'}),"frozenset({'SKU_3908011', 'SKU_3998011'})",0.013463617346867147,0.0017127855227505651,0.0009687065661458114,0.07194994786235662,42.00756423186721,0.000945646277270244,1.0756825153749239
frozenset({'SKU_7382655'}),frozenset({'SKU_1009332'}),0.006879220542194892,0.0033694141431158658,0.000912549663760547,0.1326530612244898,39.36977040816327,0.0008893707207720623,1.1490564401644077
frozenset({'SKU_1009332'}),frozenset({'SKU_7382655'}),0.0033694141431158658,0.006879220542194892,0.000912549663760547,0.2708333333333333,39.36977040816326,0.0008893707207720623,1.3619942118278467
"frozenset({'SKU_3908011', 'SKU_2726578'})",frozenset({'SKU_3998011'}),0.0014039225596316107,0.01781577728172514,0.0009687065661458114,0.69,38.72971631205673,0.0009436945945026251,3.168336202317015
frozenset({'SKU_3998011'}),"frozenset({'SKU_3908011', 'SKU_2726578'})",0.01781577728172514,0.0014039225596316107,0.0009687065661458114,0.05437352245862884,38.72971631205673,0.0009436945945026251,1.0560153518931896
frozenset({'SKU_3581365'}),frozenset({'SKU_3611367'}),0.004169650002105884,0.006640553707057519,0.0009546673405494953,0.22895622895622897,34.47848463493284,0.0009269785557708786,1.2883308102576592
frozenset({'SKU_3611367'}),frozenset({'SKU_3581365'}),0.006640553707057519,0.004169650002105884,0.0009546673405494953,0.14376321353065538,34.47848463493284,0.0009269785557708786,1.1630314951827256
frozenset({'SKU_3968011'}),"frozenset({'SKU_3898011', 'SKU_2716578'})",0.01861601314071516,0.0010950595965126563,0.0006879220542194892,0.03695324283559578,33.74541710175195,0.0006675364103809434,1.0372341041307942
"frozenset({'SKU_3898011', 'SKU_2716578'})",frozenset({'SKU_3968011'}),0.0010950595965126563,0.01861601314071516,0.0006879220542194892,0.6282051282051282,33.74541710175194,0.0006675364103809434,2.6395845163801455
frozenset({'SKU_3988011'}),frozenset({'SKU_3908011'}),0.008844712125679147,0.006219376939168035,0.0018531777787137262,0.20952380952380956,33.688874556594655,0.0017981691800856975,1.2571923544745465
frozenset({'SKU_3908011'}),frozenset({'SKU_3988011'}),0.006219376939168035,0.008844712125679147,0.0018531777787137262,0.2979683972911964,33.68887455659465,0.0017981691800856975,1.411838561184322
"frozenset({'SKU_3968011', 'SKU_3690654'})",frozenset({'SKU_3898011'}),0.0027657274424742733,0.018012326440073567,0.0016145109435763522,0.583756345177665,32.40871450558059,0.001564693758038236,2.359165508430555
frozenset({'SKU_3898011'}),"frozenset({'SKU_3968011', 'SKU_3690654'})",0.018012326440073567,0.0027657274424742733,0.0016145109435763522,0.08963367108339827,32.40871450558058,0.001564693758038236,1.095420866174063
frozenset({'SKU_7057566'}),frozenset({'SKU_7067566'}),0.005601651012930127,0.0033413356919232335,0.0006036867006415926,0.10776942355889724,32.253396095280216,0.0005849697041783912,1.1170415928621424
frozenset({'SKU_7067566'}),frozenset({'SKU_7057566'}),0.0033413356919232335,0.005601651012930127,0.0006036867006415926,0.18067226890756302,32.253396095280216,0.0005849697041783912,1.2136759336355007
frozenset({'SKU_3898011'}),"frozenset({'SKU_4440924', 'SKU_3968011'})",0.018012326440073567,0.0019233739066953066,0.0010950595965126563,0.0607950116913484,31.608524728197484,0.0010604151578389408,1.0626824159980994
"frozenset({'SKU_4440924', 'SKU_3968011'})",frozenset({'SKU_3898011'}),0.0019233739066953066,0.018012326440073567,0.0010950595965126563,0.5693430656934306,31.60852472819748,0.0010604151578389408,2.280208665723897
frozenset({'SKU_3690654'}),"frozenset({'SKU_3968011', 'SKU_3898011'})",0.011666596470538686,0.004618905221187999,0.0016145109435763522,0.13838748495788206,29.961100808708153,0.0015606240402250876,1.1552537566497105
"frozenset({'SKU_3968011', 'SKU_3898011'})",frozenset({'SKU_3690654'}),0.004618905221187999,0.011666596470538686,0.0016145109435763522,0.3495440729483283,29.961100808708153,0.0015606240402250876,1.5194471484167889
frozenset({'SKU_4440924'}),"frozenset({'SKU_3968011', 'SKU_3898011'})",0.008030437041092813,0.004618905221187999,0.0010950595965126563,0.13636363636363638,29.52293451229622,0.0010579677689351312,1.152546530796519
"frozenset({'SKU_3968011', 'SKU_3898011'})",frozenset({'SKU_4440924'}),0.004618905221187999,0.008030437041092813,0.0010950595965126563,0.23708206686930092,29.522934512296217,0.0010579677689351312,1.3002310207708385
"frozenset({'SKU_3898011', 'SKU_3998011'})",frozenset({'SKU_2726578'}),0.0013898833340352946,0.013463617346867147,0.0005475297982563282,0.3939393939393939,29.259550668309792,0.000528816940890089,1.6277850313776692
frozenset({'SKU_2726578'}),"frozenset({'SKU_3898011', 'SKU_3998011'})",0.013463617346867147,0.0013898833340352946,0.0005475297982563282,0.040667361835245046,29.259550668309792,0.000528816940890089,1.0409425020463696
"frozenset({'SKU_3968011', 'SKU_2716578'})",frozenset({'SKU_3898011'}),0.0013898833340352946,0.018012326440073567,0.0006879220542194892,0.4949494949494949,27.478376910177374,0.0006628870218932277,1.9443355936486542
frozenset({'SKU_3898011'}),"frozenset({'SKU_3968011', 'SKU_2716578'})",0.018012326440073567,0.0013898833340352946,0.0006879220542194892,0.03819173811379579,27.478376910177374,0.0006628870218932277,1.0382631926113717
frozenset({'SKU_3908011'}),frozenset({'SKU_2716578'}),0.006219376939168035,0.009911693270999172,0.0016847070715579329,0.2708803611738149,27.32937286975873,0.0016230625150001736,1.3579229717676389
frozenset({'SKU_2716578'}),frozenset({'SKU_3908011'}),0.009911693270999172,0.006219376939168035,0.0016847070715579329,0.16997167138810199,27.32937286975873,0.0016230625150001736,1.1972851875101491
frozenset({'SKU_348498'}),frozenset({'SKU_3582465'}),0.007005573572561738,0.00735655421246964,0.0014039225596316107,0.20040080160320642,27.24112346831067,0.0013523856778556156,1.2414262642806457
frozenset({'SKU_3582465'}),frozenset({'SKU_348498'}),0.00735655421246964,0.007005573572561738,0.0014039225596316107,0.19083969465648853,27.241123468310665,0.0013523856778556156,1.227191225113155
frozenset({'SKU_1400555'}),frozenset({'SKU_108507'}),0.004927768184306953,0.005461258756966966,0.0007160005054121215,0.1452991452991453,26.605431415200055,0.0006890886882632719,1.1636103272543485
frozenset({'SKU_108507'}),frozenset({'SKU_1400555'}),0.005461258756966966,0.004927768184306953,0.0007160005054121215,0.13110539845758354,26.60543141520005,0.0006890886882632719,1.1452162667938006
frozenset({'SKU_3988011'}),frozenset({'SKU_2716578'}),0.008844712125679147,0.009911693270999172,0.0022883937721995254,0.25873015873015875,26.103527586672065,0.0022007276985395066,1.335665167535911
frozenset({'SKU_2716578'}),frozenset({'SKU_3988011'}),0.009911693270999172,0.008844712125679147,0.0022883937721995254,0.23087818696883852,26.103527586672065,0.0022007276985395066,1.288684407438804
"frozenset({'SKU_3978011', 'SKU_3524026'})",frozenset({'SKU_3898011'}),0.00602282778081961,0.018012326440073567,0.0026955313144926924,0.44755244755244755,24.847009576549716,0.002587046174412226,1.7775219913806262
frozenset({'SKU_3898011'}),"frozenset({'SKU_3978011', 'SKU_3524026'})",0.018012326440073567,0.00602282778081961,0.0026955313144926924,0.1496492595479345,24.847009576549713,0.002587046174412226,1.1689025774126567
frozenset({'SKU_3581365'}),frozenset({'SKU_3631365'}),0.004169650002105884,0.00790408401072597,0.0006738828286231731,0.16161616161616163,20.447171537757683,0.0006409255647112045,1.1833433214811824
frozenset({'SKU_3631365'}),frozenset({'SKU_3581365'}),0.00790408401072597,0.004169650002105884,0.0006738828286231731,0.08525754884547068,20.447171537757683,0.0006409255647112045,1.0886456059200278
"frozenset({'SKU_2726578', 'SKU_3978011'})",frozenset({'SKU_3898011'}),0.0015302755899984557,0.018012326440073567,0.0005615690238526443,0.3669724770642202,20.373408081689274,0.0005340052003823159,1.5512558901164055
frozenset({'SKU_3898011'}),"frozenset({'SKU_2726578', 'SKU_3978011'})",0.018012326440073567,0.0015302755899984557,0.0005615690238526443,0.03117692907248636,20.373408081689274,0.0005340052003823159,1.0306006889927852
"frozenset({'SKU_3898011', 'SKU_2726578'})",frozenset({'SKU_3998011'}),0.0016566286203653006,0.01781577728172514,0.0005475297982563282,0.3305084745762712,18.551448491405218,0.0005180156717173684,1.4670599782374232
frozenset({'SKU_3998011'}),"frozenset({'SKU_3898011', 'SKU_2726578'})",0.01781577728172514,0.0016566286203653006,0.0005475297982563282,0.03073286052009456,18.551448491405214,0.0005180156717173684,1.0299981612038671
frozenset({'SKU_3611367'}),frozenset({'SKU_3631365'}),0.006640553707057519,0.00790408401072597,0.0009406281149531791,0.1416490486257928,17.920994821610293,0.0008881406205748587,1.155816177987504
frozenset({'SKU_3631365'}),frozenset({'SKU_3611367'}),0.00790408401072597,0.006640553707057519,0.0009406281149531791,0.11900532859680282,17.920994821610293,0.0008881406205748587,1.1275430811752551
"frozenset({'SKU_3898011', 'SKU_3524026'})",frozenset({'SKU_3978011'}),0.003650198655042188,0.04217383369133359,0.0026955313144926924,0.7384615384615384,17.50994571340776,0.002541588443474614,3.662276518239018
frozenset({'SKU_3978011'}),"frozenset({'SKU_3898011', 'SKU_3524026'})",0.04217383369133359,0.003650198655042188,0.0026955313144926924,0.06391478029294273,17.50994571340776,0.002541588443474614,1.064379375263248
frozenset({'SKU_2726578'}),frozenset({'SKU_3908011'}),0.013463617346867147,0.006219376939168035,0.0014039225596316107,0.10427528675703858,16.766195034801584,0.0013201872483867224,1.1094710331959694
frozenset({'SKU_3908011'}),frozenset({'SKU_2726578'}),0.006219376939168035,0.013463617346867147,0.0014039225596316107,0.22573363431151242,16.766195034801584,0.0013201872483867224,1.2741563192866991
frozenset({'SKU_3524026'}),"frozenset({'SKU_3898011', 'SKU_3978011'})",0.033048337053728116,0.005138356568251695,0.0026955313144926924,0.08156329651656755,15.87342089502347,0.0025257171747228727,1.0832119836440035
"frozenset({'SKU_3898011', 'SKU_3978011'})",frozenset({'SKU_3524026'}),0.005138356568251695,0.033048337053728116,0.0026955313144926924,0.5245901639344263,15.87342089502347,0.0025257171747228727,2.033932808266296
frozenset({'SKU_3998011'}),frozenset({'SKU_3908011'}),0.01781577728172514,0.006219376939168035,0.0017127855227505651,0.09613869188337273,15.457929761085229,0.00160198248837125,1.0994835315293774
frozenset({'SKU_3908011'}),frozenset({'SKU_3998011'}),0.006219376939168035,0.01781577728172514,0.0017127855227505651,0.27539503386004516,15.457929761085229,0.00160198248837125,1.3554754226298933
frozenset({'SKU_2688353'}),frozenset({'SKU_9257426'}),0.010613654550814977,0.003650198655042188,0.0005896474750452766,0.05555555555555556,15.219871794871796,0.0005509055274788093,1.054958613188779
frozenset({'SKU_9257426'}),frozenset({'SKU_2688353'}),0.003650198655042188,0.010613654550814977,0.0005896474750452766,0.16153846153846155,15.219871794871796,0.0005509055274788093,1.1800020633797619
"frozenset({'SKU_3968011', 'SKU_3898011'})",frozenset({'SKU_2716578'}),0.004618905221187999,0.009911693270999172,0.0006879220542194892,0.14893617021276598,15.026309444879756,0.0006421408824192573,1.163353760406576
frozenset({'SKU_2716578'}),"frozenset({'SKU_3968011', 'SKU_3898011'})",0.009911693270999172,0.004618905221187999,0.0006879220542194892,0.06940509915014163,15.026309444879754,0.0006421408824192573,1.0696180409647507
frozenset({'SKU_7261032'}),frozenset({'SKU_9402188'}),0.006233416164764352,0.011245419702649202,0.001024863468531076,0.16441441441441443,14.620567196409894,0.0009547660875770228,1.1833073683342958
frozenset({'SKU_9402188'}),frozenset({'SKU_7261032'}),0.011245419702649202,0.006233416164764352,0.001024863468531076,0.09113607990012484,14.620567196409892,0.0009547660875770228,1.093416255016516
frozenset({'SKU_3968011'}),frozenset({'SKU_3898011'}),0.01861601314071516,0.018012326440073567,0.004618905221187999,0.24811463046757162,13.774713182832937,0.004283587515484738,1.3060337564096915
frozenset({'SKU_3898011'}),frozenset({'SKU_3968011'}),0.018012326440073567,0.01861601314071516,0.004618905221187999,0.25643024162120026,13.774713182832935,0.004283587515484738,1.3198277307552018
frozenset({'SKU_3968011'}),frozenset({'SKU_4440924'}),0.01861601314071516,0.008030437041092813,0.0019233739066953066,0.1033182503770739,12.865831566623422,0.001773879185212637,1.1062671492712455
frozenset({'SKU_4440924'}),frozenset({'SKU_3968011'}),0.008030437041092813,0.01861601314071516,0.0019233739066953066,0.23951048951048953,12.865831566623422,0.001773879185212637,1.2904635413414045
frozenset({'SKU_3968011'}),frozenset({'SKU_3690654'}),0.01861601314071516,0.011666596470538686,0.0027657274424742733,0.14856711915535445,12.73440111951473,0.002548541929271304,1.1607883906820777
frozenset({'SKU_3690654'}),frozenset({'SKU_3968011'}),0.011666596470538686,0.01861601314071516,0.0027657274424742733,0.23706377858002406,12.73440111951473,0.002548541929271304,1.2863250679496303
frozenset({'SKU_3968356'}),frozenset({'SKU_3611367'}),0.006429965323112777,0.006640553707057519,0.000533490572660012,0.08296943231441048,12.494354533452736,0.0004907920425973642,1.0832348247670658
frozenset({'SKU_3611367'}),frozenset({'SKU_3968356'}),0.006640553707057519,0.006429965323112777,0.000533490572660012,0.080338266384778,12.494354533452736,0.0004907920425973642,1.0803646583957878
frozenset({'SKU_2726578'}),frozenset({'SKU_3998011'}),0.013463617346867147,0.01781577728172514,0.002990355052015331,0.22210636079249219,12.466835282023975,0.0027504902439571747,1.2626202005185332
frozenset({'SKU_3998011'}),frozenset({'SKU_2726578'}),0.01781577728172514,0.013463617346867147,0.002990355052015331,0.16784869976359337,12.466835282023975,0.0027504902439571747,1.1855252552905544
frozenset({'SKU_3631365'}),frozenset({'SKU_3968356'}),0.00790408401072597,0.006429965323112777,0.0005615690238526443,0.07104795737122557,11.049508636670364,0.0005107460377527062,1.0695600946904158
frozenset({'SKU_3968356'}),frozenset({'SKU_3631365'}),0.006429965323112777,0.00790408401072597,0.0005615690238526443,0.08733624454148471,11.049508636670362,0.0005107460377527062,1.0870333242179127
frozenset({'SKU_7064350'}),frozenset({'SKU_264715'}),0.005826278622471185,0.012312400847969225,0.000786196633393702,0.13493975903614458,10.959662595650562,0.0007144611555418829,1.141755859743991
frozenset({'SKU_264715'}),frozenset({'SKU_7064350'}),0.012312400847969225,0.005826278622471185,0.000786196633393702,0.06385404789053592,10.959662595650562,0.0007144611555418829,1.0619858144312946
frozenset({'SKU_3988011'}),frozenset({'SKU_6328344'}),0.008844712125679147,0.0069915343469654214,0.0006738828286231731,0.0761904761904762,10.897532989099256,0.0006120447200074658,1.0749060710677178
frozenset({'SKU_6328344'}),frozenset({'SKU_3988011'}),0.0069915343469654214,0.008844712125679147,0.0006738828286231731,0.09638554216867469,10.897532989099254,0.0006120447200074658,1.0968785185809151
frozenset({'SKU_2688353'}),frozenset({'SKU_8123420'}),0.010613654550814977,0.004983925086692218,0.0005475297982563282,0.051587301587301584,10.35073775989269,0.0004946321390790363,1.0491382881931113
frozenset({'SKU_8123420'}),frozenset({'SKU_2688353'}),0.004983925086692218,0.010613654550814977,0.0005475297982563282,0.10985915492957747,10.35073775989269,0.0004946321390790363,1.111494153906521
"frozenset({'SKU_2726578', 'SKU_3998011'})",frozenset({'SKU_3898011'}),0.002990355052015331,0.018012326440073567,0.0005475297982563282,0.18309859154929575,10.165182835124542,0.0004936665468877049,1.2020883590130134
frozenset({'SKU_3898011'}),"frozenset({'SKU_2726578', 'SKU_3998011'})",0.018012326440073567,0.002990355052015331,0.0005475297982563282,0.0303975058456742,10.165182835124542,0.0004936665468877049,1.0282663781899233
frozenset({'SKU_3898011'}),frozenset({'SKU_3690654'}),0.018012326440073567,0.011666596470538686,0.0020216484858695196,0.1122369446609509,9.620367426299484,0.0018115059417975667,1.1132851244322202
frozenset({'SKU_3690654'}),frozenset({'SKU_3898011'}),0.011666596470538686,0.018012326440073567,0.0020216484858695196,0.17328519855595667,9.620367426299483,0.0018115059417975667,1.1878191509873346
frozenset({'SKU_4440924'}),frozenset({'SKU_3898011'}),0.008030437041092813,0.018012326440073567,0.0013477656572463462,0.16783216783216784,9.317628591206145,0.001203118803805724,1.180035607723273
frozenset({'SKU_3898011'}),frozenset({'SKU_4440924'}),0.018012326440073567,0.008030437041092813,0.0013477656572463462,0.07482462977396726,9.317628591206143,0.001203118803805724,1.072196250443368
frozenset({'SKU_5528349'}),frozenset({'SKU_8798636'}),0.03396088671748866,0.010009967850173385,0.002793805893666905,0.08226539892517569,8.21834796639739,0.002453858509461463,1.0787323818785723
frozenset({'SKU_8798636'}),frozenset({'SKU_5528349'}),0.010009967850173385,0.03396088671748866,0.002793805893666905,0.27910238429172507,8.21834796639739,0.002453858509461463,1.3400503653121216
frozenset({'SKU_9402188'}),frozenset({'SKU_348498'}),0.011245419702649202,0.007005573572561738,0.000645804377430541,0.05742821473158552,8.19750362147516,0.0005670237623492966,1.0534947490971895
frozenset({'SKU_348498'}),frozenset({'SKU_9402188'}),0.007005573572561738,0.011245419702649202,0.000645804377430541,0.09218436873747494,8.197503621475159,0.0005670237623492966,1.0891579151619823
frozenset({'SKU_776350'}),frozenset({'SKU_8798636'}),0.008072554717881762,0.010009967850173385,0.0006598436030268571,0.08173913043478262,8.16577352277578,0.0005790375898320952,1.0781141448601332
frozenset({'SKU_8798636'}),frozenset({'SKU_776350'}),0.010009967850173385,0.008072554717881762,0.0006598436030268571,0.06591865357643759,8.165773522775778,0.0005790375898320952,1.0619283310602858
frozenset({'SKU_4976322'}),frozenset({'SKU_6126322'}),0.012312400847969225,0.006317651518342248,0.0006317651518342248,0.05131128848346637,8.121892816419614,0.0005539796939226136,1.0474271870413627
frozenset({'SKU_6126322'}),frozenset({'SKU_4976322'}),0.006317651518342248,0.012312400847969225,0.0006317651518342248,0.1,8.121892816419614,0.0005539796939226136,1.0974306657244786
"frozenset({'SKU_3898011', 'SKU_3978011'})",frozenset({'SKU_2726578'}),0.005138356568251695,0.013463617346867147,0.0005615690238526443,0.10928961748633881,8.117403716302844,0.0004923881572259421,1.1075837915676277
frozenset({'SKU_2726578'}),"frozenset({'SKU_3898011', 'SKU_3978011'})",0.013463617346867147,0.005138356568251695,0.0005615690238526443,0.04171011470281543,8.117403716302842,0.0004923881572259421,1.038163564799833
frozenset({'SKU_6328344'}),frozenset({'SKU_3998011'}),0.0069915343469654214,0.01781577728172514,0.0010108242429347598,0.14457831325301204,8.115184140818593,0.0008862646241516922,1.148187189938265
frozenset({'SKU_3998011'}),frozenset({'SKU_6328344'}),0.01781577728172514,0.0069915343469654214,0.0010108242429347598,0.05673758865248227,8.115184140818593,0.0008862646241516922,1.0527382981735178
frozenset({'SKU_3978011'}),"frozenset({'SKU_3898011', 'SKU_2726578'})",0.04217383369133359,0.0016566286203653006,0.0005615690238526443,0.013315579227696404,8.037757566182943,0.0004917026439290547,1.0118162913712627
"frozenset({'SKU_3898011', 'SKU_2726578'})",frozenset({'SKU_3978011'}),0.0016566286203653006,0.04217383369133359,0.0005615690238526443,0.3389830508474576,8.037757566182941,0.0004917026439290547,1.4490190721079825
frozenset({'SKU_1206132'}),frozenset({'SKU_8718362'}),0.004296003032472729,0.017296325934661443,0.0005896474750452766,0.13725490196078433,7.935494652406418,0.0005153424063793343,1.1390428949393696
frozenset({'SKU_8718362'}),frozenset({'SKU_1206132'}),0.017296325934661443,0.004296003032472729,0.0005896474750452766,0.034090909090909095,7.935494652406418,0.0005153424063793343,1.0308464909781458
frozenset({'SKU_3611367'}),frozenset({'SKU_2716578'}),0.006640553707057519,0.009911693270999172,0.000519451347063696,0.07822410147991544,7.892102725655661,0.0004536322155697454,1.0741095621165537
frozenset({'SKU_2716578'}),frozenset({'SKU_3611367'}),0.009911693270999172,0.006640553707057519,0.000519451347063696,0.05240793201133145,7.89210272565566,0.0004536322155697454,1.0482986084944954
frozenset({'SKU_1832285'}),frozenset({'SKU_4992993'}),0.021662525095115754,0.011736792598520266,0.0019935700346768873,0.09202851587815943,7.841027700341408,0.0017393214704752732,1.0884297851680822
frozenset({'SKU_4992993'}),frozenset({'SKU_1832285'}),0.011736792598520266,0.021662525095115754,0.0019935700346768873,0.16985645933014354,7.841027700341408,0.0017393214704752732,1.1785160360525693
frozenset({'SKU_8618636'}),frozenset({'SKU_8718362'}),0.0061491808111864546,0.017296325934661443,0.0008283143101826503,0.13470319634703198,7.7879658868528745,0.0007219560746412035,1.1356839293947711
frozenset({'SKU_8718362'}),frozenset({'SKU_8618636'}),0.017296325934661443,0.0061491808111864546,0.0008283143101826503,0.04788961038961039,7.787965886852874,0.0007219560746412035,1.0438399055759746
frozenset({'SKU_2716578'}),frozenset({'SKU_3968011'}),0.009911693270999172,0.01861601314071516,0.0013898833340352946,0.14022662889518414,7.532581108276825,0.001205367121855636,1.14144496659416
frozenset({'SKU_3968011'}),frozenset({'SKU_2716578'}),0.01861601314071516,0.009911693270999172,0.0013898833340352946,0.0746606334841629,7.532581108276825,0.001205367121855636,1.0699731823330523
frozenset({'SKU_8798636'}),frozenset({'SKU_2783996'}),0.010009967850173385,0.02873829479565907,0.0021480015162363645,0.21458625525946703,7.46690980746291,0.001860332109263012,1.236624278233384
frozenset({'SKU_2783996'}),frozenset({'SKU_8798636'}),0.02873829479565907,0.010009967850173385,0.0021480015162363645,0.07474352711284807,7.46690980746291,0.001860332109263012,1.0699628277775581
frozenset({'SKU_3631365'}),frozenset({'SKU_2726578'}),0.00790408401072597,0.013463617346867147,0.0007440789566047536,0.09413854351687388,6.992069151369562,0.0006376613940068483,1.0890587910464975
frozenset({'SKU_2726578'}),frozenset({'SKU_3631365'}),0.013463617346867147,0.00790408401072597,0.0007440789566047536,0.05526590198123044,6.992069151369561,0.0006376613940068483,1.0501324320460417
frozenset({'SKU_3898011'}),frozenset({'SKU_2726578'}),0.018012326440073567,0.013463617346867147,0.0016566286203653006,0.09197194076383476,6.8311463698302255,0.0014141175496492923,1.0864602394368836
frozenset({'SKU_2726578'}),frozenset({'SKU_3898011'}),0.013463617346867147,0.018012326440073567,0.0016566286203653006,0.12304483837330553,6.8311463698302255,0.0014141175496492923,1.1197695350106651
frozenset({'SKU_4992993'}),frozenset({'SKU_3161221'}),0.011736792598520266,0.021072877620070478,0.0016847070715579329,0.14354066985645933,6.811631161362919,0.0014373790774771663,1.1429931205441635
frozenset({'SKU_3161221'}),frozenset({'SKU_4992993'}),0.021072877620070478,0.011736792598520266,0.0016847070715579329,0.07994670219853431,6.811631161362919,0.0014373790774771663,1.0741369111583063
frozenset({'SKU_4992993'}),frozenset({'SKU_1842285'}),0.011736792598520266,0.00703365202375437,0.0005615690238526443,0.04784688995215311,6.802567114574678,0.0004790165088396769,1.0428641544072128
frozenset({'SKU_1842285'}),frozenset({'SKU_4992993'}),0.00703365202375437,0.011736792598520266,0.0005615690238526443,0.07984031936127745,6.802567114574678,0.0004790165088396769,1.0740127264818684
frozenset({'SKU_7261032'}),frozenset({'SKU_264715'}),0.006233416164764352,0.012312400847969225,0.000519451347063696,0.08333333333333334,6.768244013683011,0.00044270302859090636,1.0774773808931244
frozenset({'SKU_264715'}),frozenset({'SKU_7261032'}),0.012312400847969225,0.006233416164764352,0.000519451347063696,0.042189281641961236,6.76824401368301,0.00044270302859090636,1.037539635742264
frozenset({'SKU_3978011'}),frozenset({'SKU_3898011'}),0.04217383369133359,0.018012326440073567,0.005138356568251695,0.12183754993342209,6.764120689172036,0.004378707708574021,1.1182300877081195
frozenset({'SKU_3898011'}),frozenset({'SKU_3978011'}),0.018012326440073567,0.04217383369133359,0.005138356568251695,0.28526890101325014,6.764120689172035,0.004378707708574021,1.3401210156750478
frozenset({'SKU_2726578'}),frozenset({'SKU_3611367'}),0.013463617346867147,0.006640553707057519,0.0006036867006415926,0.04483837330552659,6.752204000379183,0.00051428082655845,1.0399909486844234
frozenset({'SKU_3611367'}),frozenset({'SKU_2726578'}),0.006640553707057519,0.013463617346867147,0.0006036867006415926,0.0909090909090909,6.752204000379182,0.00051428082655845,1.0851900209184462
frozenset({'SKU_6126322'}),frozenset({'SKU_3864099'}),0.006317651518342248,0.013533813474848727,0.0005756082494489604,0.09111111111111111,6.732109266943293,0.0004901063322006215,1.085353994954323
frozenset({'SKU_3864099'}),frozenset({'SKU_6126322'}),0.013533813474848727,0.006317651518342248,0.0005756082494489604,0.04253112033195021,6.732109266943292,0.0004901063322006215,1.0378220844380477
frozenset({'SKU_348498'}),frozenset({'SKU_264715'}),0.007005573572561738,0.012312400847969225,0.0005475297982563282,0.0781563126252505,6.347771940688675,0.00046127436826100824,1.0714263303844855
frozenset({'SKU_264715'}),frozenset({'SKU_348498'}),0.012312400847969225,0.007005573572561738,0.0005475297982563282,0.04446978335233751,6.347771940688674,0.00046127436826100824,1.0392077708554457
frozenset({'SKU_3998011'}),frozenset({'SKU_9594893'}),0.01781577728172514,0.005096238891462747,0.0005756082494489604,0.03230890464933018,6.339754736273111,0.0004848147923841943,1.028121231959881
frozenset({'SKU_9594893'}),frozenset({'SKU_3998011'}),0.005096238891462747,0.01781577728172514,0.0005756082494489604,0.11294765840220386,6.339754736273111,0.0004848147923841943,1.1072449467289869
frozenset({'SKU_3582465'}),frozenset({'SKU_9402188'}),0.00735655421246964,0.011245419702649202,0.000519451347063696,0.07061068702290077,6.279061954998999,0.0004367238073791829,1.0638755648373959
frozenset({'SKU_9402188'}),frozenset({'SKU_3582465'}),0.011245419702649202,0.00735655421246964,0.000519451347063696,0.046192259675405745,6.279061954998999,0.0004367238073791829,1.040716492245827
frozenset({'SKU_4992993'}),frozenset({'SKU_2072671'}),0.011736792598520266,0.012256243945583962,0.0008844712125679147,0.07535885167464114,6.14860898732304,0.000740622219341726,1.0682455110756686
frozenset({'SKU_2072671'}),frozenset({'SKU_4992993'}),0.012256243945583962,0.011736792598520266,0.0008844712125679147,0.07216494845360824,6.14860898732304,0.000740622219341726,1.065128123532706
frozenset({'SKU_3898011'}),frozenset({'SKU_2716578'}),0.018012326440073567,0.009911693270999172,0.0010950595965126563,0.0607950116913484,6.133665563403761,0.0009165269417415387,1.0541770104010855
frozenset({'SKU_2716578'}),frozenset({'SKU_3898011'}),0.009911693270999172,0.018012326440073567,0.0010950595965126563,0.11048158640226628,6.133665563403761,0.0009165269417415387,1.103954295435204
frozenset({'SKU_3524026'}),frozenset({'SKU_3898011'}),0.033048337053728116,0.018012326440073567,0.003650198655042188,0.11045029736618522,6.131928473184729,0.003054921219728858,1.1039154649283986
frozenset({'SKU_3898011'}),frozenset({'SKU_3524026'}),0.018012326440073567,0.033048337053728116,0.003650198655042188,0.20265003897116132,6.131928473184728,0.003054921219728858,1.2127067287977191
frozenset({'SKU_2698353'}),frozenset({'SKU_9277426'}),0.026730685535385868,0.011090988221089724,0.0017970208763284617,0.06722689075630252,6.0613977236464205,0.0015005511579138436,1.0601817333485615
frozenset({'SKU_9277426'}),frozenset({'SKU_2698353'}),0.011090988221089724,0.026730685535385868,0.0017970208763284617,0.1620253164556962,6.0613977236464205,0.0015005511579138436,1.1614543178656271
frozenset({'SKU_3629770'}),frozenset({'SKU_2783996'}),0.003804630136601665,0.02873829479565907,0.0006317651518342248,0.16605166051660517,5.77806239713594,0.0005224265693801176,1.1646545226122849
frozenset({'SKU_2783996'}),frozenset({'SKU_3629770'}),0.02873829479565907,0.003804630136601665,0.0006317651518342248,0.021983390327308255,5.7780623971359395,0.0005224265693801176,1.0185873736815065
frozenset({'SKU_9667426'}),frozenset({'SKU_2698353'}),0.0051945134706369595,0.026730685535385868,0.0007721574077973859,0.14864864864864866,5.560974051782876,0.0006333045017044635,1.1432052265139914
frozenset({'SKU_2698353'}),frozenset({'SKU_9667426'}),0.026730685535385868,0.0051945134706369595,0.0007721574077973859,0.02888655462184874,5.560974051782876,0.0006333045017044635,1.0243967800713398
frozenset({'SKU_2726578'}),frozenset({'SKU_3988011'}),0.013463617346867147,0.008844712125679147,0.000645804377430541,0.04796663190823775,5.423198768558519,0.000526722557827201,1.0410930132217675
frozenset({'SKU_3988011'}),frozenset({'SKU_2726578'}),0.008844712125679147,0.013463617346867147,0.000645804377430541,0.07301587301587302,5.423198768558518,0.000526722557827201,1.0642430155333453
"frozenset({'SKU_6318344', 'SKU_4108011'})",frozenset({'SKU_3978011'}),0.0026814920888963765,0.04217383369133359,0.0005896474750452766,0.2198952879581152,5.214021792932286,0.00047655867364353405,1.2278174346641295
frozenset({'SKU_3978011'}),"frozenset({'SKU_6318344', 'SKU_4108011'})",0.04217383369133359,0.0026814920888963765,0.0005896474750452766,0.013981358189081226,5.214021792932286,0.00047655867364353405,1.0114600937761498
frozenset({'SKU_6318344'}),"frozenset({'SKU_4108011', 'SKU_3978011'})",0.025551390585295316,0.004604865995591683,0.0005896474750452766,0.023076923076923078,5.011421200750469,0.00047198674539896865,1.018908404886402
"frozenset({'SKU_4108011', 'SKU_3978011'})",frozenset({'SKU_6318344'}),0.004604865995591683,0.025551390585295316,0.0005896474750452766,0.12804878048780488,5.011421200750469,0.00047198674539896865,1.117549454153927
frozenset({'SKU_5928099'}),frozenset({'SKU_5528349'}),0.0035098063990790266,0.03396088671748866,0.0005896474750452766,0.168,4.946867300537413,0.0004704513375258369,1.161104703464557
frozenset({'SKU_5528349'}),frozenset({'SKU_5928099'}),0.03396088671748866,0.0035098063990790266,0.0005896474750452766,0.017362546506821,4.946867300537413,0.0004704513375258369,1.014097508759204
frozenset({'SKU_3631365'}),frozenset({'SKU_3998011'}),0.00790408401072597,0.01781577728172514,0.0006879220542194892,0.08703374777975133,4.88520632041285,0.0005471046538683506,1.0758165707984217
frozenset({'SKU_3998011'}),frozenset({'SKU_3631365'}),0.01781577728172514,0.00790408401072597,0.0006879220542194892,0.038613081166272656,4.88520632041285,0.0005471046538683506,1.0319423913035972
frozenset({'SKU_3968011'}),frozenset({'SKU_4008011'}),0.01861601314071516,0.007721574077973859,0.0007019612798158054,0.03770739064856712,4.883381324557795,0.0005582163553132385,1.0311608093829205
frozenset({'SKU_4008011'}),frozenset({'SKU_3968011'}),0.007721574077973859,0.01861601314071516,0.0007019612798158054,0.09090909090909091,4.883381324557795,0.0005582163553132385,1.0795223855452134
frozenset({'SKU_9402188'}),frozenset({'SKU_264715'}),0.011245419702649202,0.012312400847969225,0.000645804377430541,0.05742821473158552,4.664258046882674,0.0005073462623478731,1.0478645919480485
frozenset({'SKU_264715'}),frozenset({'SKU_9402188'}),0.012312400847969225,0.011245419702649202,0.000645804377430541,0.052451539338654506,4.664258046882674,0.0005073462623478731,1.0434870841405255
frozenset({'SKU_2783996'}),frozenset({'SKU_3619770'}),0.02873829479565907,0.005110278117059063,0.0006738828286231731,0.02344894968246214,4.588585815747516,0.0005270221496073242,1.0187790198571185
frozenset({'SKU_3619770'}),frozenset({'SKU_2783996'}),0.005110278117059063,0.02873829479565907,0.0006738828286231731,0.13186813186813184,4.588585815747515,0.0005270221496073242,1.1187951287796838
frozenset({'SKU_3988011'}),frozenset({'SKU_3898011'}),0.008844712125679147,0.018012326440073567,0.0007300397310084376,0.08253968253968255,4.582399881230747,0.0005707258889322279,1.070332585368086
frozenset({'SKU_3898011'}),frozenset({'SKU_3988011'}),0.018012326440073567,0.008844712125679147,0.0007300397310084376,0.04053000779423227,4.582399881230747,0.0005707258889322279,1.0330237484506528
frozenset({'SKU_3611367'}),frozenset({'SKU_3998011'}),0.006640553707057519,0.01781577728172514,0.000533490572660012,0.080338266384778,4.509388791427385,0.00041518394678774105,1.0679842237833197
frozenset({'SKU_3998011'}),frozenset({'SKU_3611367'}),0.01781577728172514,0.006640553707057519,0.000533490572660012,0.029944838455476748,4.509388791427385,0.00041518394678774105,1.0240236696553566
frozenset({'SKU_3998011'}),frozenset({'SKU_3898011'}),0.01781577728172514,0.018012326440073567,0.0013898833340352946,0.07801418439716312,4.331155370557702,0.001068979737853215,1.0650789382457664
frozenset({'SKU_3898011'}),frozenset({'SKU_3998011'}),0.018012326440073567,0.01781577728172514,0.0013898833340352946,0.07716289945440374,4.331155370557702,0.001068979737853215,1.0643094237732658
frozenset({'SKU_3524026'}),frozenset({'SKU_3978011'}),0.033048337053728116,0.04217383369133359,0.00602282778081961,0.1822429906542056,4.3212336821932125,0.004629052710140543,1.1712845690860263
frozenset({'SKU_3978011'}),frozenset({'SKU_3524026'}),0.04217383369133359,0.033048337053728116,0.00602282778081961,0.14280958721704393,4.3212336821932125,0.004629052710140543,1.1280476875691654
frozenset({'SKU_4108011'}),"frozenset({'SKU_6318344', 'SKU_3978011'})",0.038355164329135605,0.003692316331831136,0.0005896474750452766,0.015373352855051247,4.163606655940857,0.00044802807538274215,1.0118634170191216
"frozenset({'SKU_6318344', 'SKU_3978011'})",frozenset({'SKU_4108011'}),0.003692316331831136,0.038355164329135605,0.0005896474750452766,0.1596958174904943,4.163606655940856,0.00044802807538274215,1.1444008677893094
frozenset({'SKU_4208011'}),frozenset({'SKU_9277426'}),0.019556641255668337,0.011090988221089724,0.0008985104381642309,0.04594400574300072,4.142462765909112,0.0006816079603535359,1.0365314171617923
frozenset({'SKU_9277426'}),frozenset({'SKU_4208011'}),0.011090988221089724,0.019556641255668337,0.0008985104381642309,0.0810126582278481,4.142462765909111,0.0006816079603535359,1.0668736272837769
frozenset({'SKU_3161221'}),frozenset({'SKU_2571221'}),0.021072877620070478,0.006415926097516461,0.000533490572660012,0.025316455696202528,3.945877073927374,0.00039828854718763126,1.019391452445405
frozenset({'SKU_2571221'}),frozenset({'SKU_3161221'}),0.006415926097516461,0.021072877620070478,0.000533490572660012,0.08315098468271334,3.945877073927374,0.00039828854718763126,1.0677081024525723
frozenset({'SKU_8718362'}),frozenset({'SKU_2783996'}),0.017296325934661443,0.02873829479565907,0.0018812562299063583,0.10876623376623376,3.784714247647809,0.0013841893163142544,1.089794554473359
frozenset({'SKU_2783996'}),frozenset({'SKU_8718362'}),0.02873829479565907,0.017296325934661443,0.0018812562299063583,0.06546165119687347,3.784714247647809,0.0013841893163142544,1.0515391640416873
frozenset({'SKU_3559555'}),frozenset({'SKU_803921'}),0.01774558115374356,0.021255387552822587,0.00133372643165003,0.07515822784810126,3.5359613021085896,0.0009565372268771461,1.0582833106357845
frozenset({'SKU_803921'}),frozenset({'SKU_3559555'}),0.021255387552822587,0.01774558115374356,0.00133372643165003,0.06274768824306472,3.535961302108589,0.0009565372268771461,1.0480149331453363
frozenset({'SKU_3998011'}),frozenset({'SKU_9526376'}),0.01781577728172514,0.008409496132193349,0.000519451347063696,0.029156816390858944,3.467130007853909,0.0003696296369210103,1.0213704134807198
frozenset({'SKU_9526376'}),frozenset({'SKU_3998011'}),0.008409496132193349,0.01781577728172514,0.000519451347063696,0.06176961602671119,3.467130007853909,0.0003696296369210103,1.0468475968118267
frozenset({'SKU_3978011'}),frozenset({'SKU_6318344'}),0.04217383369133359,0.025551390585295316,0.003692316331831136,0.08754993342210385,3.4264253888588105,0.0026147162347045843,1.0679473267718982
frozenset({'SKU_6318344'}),frozenset({'SKU_3978011'}),0.025551390585295316,0.04217383369133359,0.003692316331831136,0.1445054945054945,3.4264253888588105,0.0026147162347045843,1.1196169702516203
frozenset({'SKU_2366897'}),frozenset({'SKU_2698353'}),0.006710749835039099,0.026730685535385868,0.0005756082494489604,0.08577405857740587,3.2088237491649387,0.0003962253059018877,1.06458291147388
frozenset({'SKU_2698353'}),frozenset({'SKU_2366897'}),0.026730685535385868,0.006710749835039099,0.0005756082494489604,0.02153361344537815,3.2088237491649383,0.0003962253059018877,1.015149078000046
frozenset({'SKU_7261032'}),frozenset({'SKU_4108011'}),0.006233416164764352,0.038355164329135605,0.0007581181822010698,0.12162162162162161,3.170932096078509,0.0005190344808696429,1.0947956590714456
frozenset({'SKU_4108011'}),frozenset({'SKU_7261032'}),0.038355164329135605,0.006233416164764352,0.0007581181822010698,0.019765739385065886,3.170932096078509,0.0005190344808696429,1.0138051930686571
frozenset({'SKU_3898011'}),frozenset({'SKU_803921'}),0.018012326440073567,0.021255387552822587,0.001193334175686869,0.06625097427903351,3.116902672999523,0.0008104751964751522,1.0481880949663844
frozenset({'SKU_803921'}),frozenset({'SKU_3898011'}),0.021255387552822587,0.018012326440073567,0.001193334175686869,0.05614266842800528,3.116902672999523,0.0008104751964751522,1.040398416913736
frozenset({'SKU_6318344'}),frozenset({'SKU_3968011'}),0.025551390585295316,0.01861601314071516,0.0014600794620168753,0.05714285714285715,3.0695539754363286,0.000984414439117472,1.040861804244696
frozenset({'SKU_3968011'}),frozenset({'SKU_6318344'}),0.01861601314071516,0.025551390585295316,0.0014600794620168753,0.0784313725490196,3.069553975436328,0.000984414439117472,1.0573804059606369
frozenset({'SKU_4108011'}),frozenset({'SKU_3683946'}),0.038355164329135605,0.006359769195131196,0.0007440789566047536,0.019399707174231333,3.0503791221044674,0.0005001489640301222,1.0132979136091458
frozenset({'SKU_3683946'}),frozenset({'SKU_4108011'}),0.006359769195131196,0.038355164329135605,0.0007440789566047536,0.11699779249448124,3.050379122104467,0.0005001489640301222,1.089062776397254
frozenset({'SKU_348498'}),frozenset({'SKU_3524026'}),0.007005573572561738,0.033048337053728116,0.0007019612798158054,0.10020040080160321,3.031934727568987,0.0004704387231350948,1.0746300218489748
frozenset({'SKU_3524026'}),frozenset({'SKU_348498'}),0.033048337053728116,0.007005573572561738,0.0007019612798158054,0.021240441801189464,3.0319347275689865,0.0004704387231350948,1.0145437846398393
frozenset({'SKU_3524026'}),frozenset({'SKU_3013129'}),0.033048337053728116,0.006486122225498042,0.000645804377430541,0.01954120645709431,3.012771850070066,0.00043144882395060454,1.0133152808843924
frozenset({'SKU_3013129'}),frozenset({'SKU_3524026'}),0.006486122225498042,0.033048337053728116,0.000645804377430541,0.09956709956709957,3.0127718500700658,0.00043144882395060454,1.0738742025989847
frozenset({'SKU_4108011'}),frozenset({'SKU_5079809'}),0.038355164329135605,0.0064440045487090935,0.0007440789566047536,0.019399707174231333,3.0105048852142127,0.0004969181032013191,1.0132120117853403
frozenset({'SKU_5079809'}),frozenset({'SKU_4108011'}),0.0064440045487090935,0.038355164329135605,0.0007440789566047536,0.11546840958605663,3.0105048852142122,0.0004969181032013191,1.0871797526426767
frozenset({'SKU_264715'}),frozenset({'SKU_4108011'}),0.012312400847969225,0.038355164329135605,0.0014179617852279269,0.1151653363740023,3.0026031275929026,0.0009457176274178787,1.086807372272356
frozenset({'SKU_4108011'}),frozenset({'SKU_264715'}),0.038355164329135605,0.012312400847969225,0.0014179617852279269,0.0369692532942899,3.002603127592902,0.0009457176274178787,1.0256033906816222
frozenset({'SKU_3968011'}),frozenset({'SKU_803921'}),0.01861601314071516,0.021255387552822587,0.0011512164988979209,0.06184012066365008,2.909385703270232,0.0007555259249035822,1.043259932560255
frozenset({'SKU_803921'}),frozenset({'SKU_3968011'}),0.021255387552822587,0.01861601314071516,0.0011512164988979209,0.05416116248348745,2.9093857032702317,0.0007555259249035822,1.037580555939216
frozenset({'SKU_3854099'}),frozenset({'SKU_3868338'}),0.010852321385952352,0.018293110951999886,0.0005756082494489604,0.05304010349288486,2.899457814040442,0.00037708553024897286,1.036693203871727
frozenset({'SKU_3868338'}),frozenset({'SKU_3854099'}),0.018293110951999886,0.010852321385952352,0.0005756082494489604,0.031465848042977744,2.899457814040442,0.00037708553024897286,1.0212832212631568
frozenset({'SKU_4008011'}),frozenset({'SKU_3978011'}),0.007721574077973859,0.04217383369133359,0.0009406281149531791,0.12181818181818181,2.8884777871928335,0.0006149797339533971,1.0906923218835747
frozenset({'SKU_3978011'}),frozenset({'SKU_4008011'}),0.04217383369133359,0.007721574077973859,0.0009406281149531791,0.022303595206391476,2.8884777871928335,0.0006149797339533971,1.0149146719338666
frozenset({'SKU_4108011'}),frozenset({'SKU_3978011'}),0.038355164329135605,0.04217383369133359,0.004604865995591683,0.12005856515373353,2.846754839325994,0.002987281673970948,1.0885112672026942
frozenset({'SKU_3978011'}),frozenset({'SKU_4108011'}),0.04217383369133359,0.038355164329135605,0.004604865995591683,0.10918774966711052,2.846754839325994,0.002987281673970948,1.0795146062613141
frozenset({'SKU_264715'}),frozenset({'SKU_3559555'}),0.012312400847969225,0.01774558115374356,0.0006177259262379087,0.05017103762827822,2.82724117027265,0.0003992352177928498,1.0341382056760706
frozenset({'SKU_3559555'}),frozenset({'SKU_264715'}),0.01774558115374356,0.012312400847969225,0.0006177259262379087,0.03481012658227848,2.8272411702726497,0.0003992352177928498,1.0233091191214483
frozenset({'SKU_2698353'}),frozenset({'SKU_4062567'}),0.026730685535385868,0.009560712631091269,0.0007160005054121215,0.026785714285714288,2.8016441157960985,0.0004604361025762292,1.0176990842689704
frozenset({'SKU_4062567'}),frozenset({'SKU_2698353'}),0.009560712631091269,0.026730685535385868,0.0007160005054121215,0.0748898678414097,2.8016441157960985,0.0004604361025762292,1.0520577827784163
frozenset({'SKU_3524026'}),frozenset({'SKU_3683946'}),0.033048337053728116,0.006359769195131196,0.0005756082494489604,0.017417162276975363,2.738646913524676,0.00036542845350434746,1.011253395293844
frozenset({'SKU_3683946'}),frozenset({'SKU_3524026'}),0.006359769195131196,0.033048337053728116,0.0005756082494489604,0.09050772626931568,2.7386469135246756,0.00036542845350434746,1.06317743522976
frozenset({'SKU_4108011'}),frozenset({'SKU_6318344'}),0.038355164329135605,0.025551390585295316,0.0026814920888963765,0.0699121522693997,2.7361388428555338,0.0017014643041594463,1.0476952384576832
frozenset({'SKU_6318344'}),frozenset({'SKU_4108011'}),0.025551390585295316,0.038355164329135605,0.0026814920888963765,0.10494505494505495,2.7361388428555338,0.0017014643041594463,1.074397545071193
frozenset({'SKU_3978011'}),frozenset({'SKU_2726578'}),0.04217383369133359,0.013463617346867147,0.0015302755899984557,0.0362849533954727,2.6950374821753127,0.0009624632311279267,1.0236805849706427
frozenset({'SKU_2726578'}),frozenset({'SKU_3978011'}),0.013463617346867147,0.04217383369133359,0.0015302755899984557,0.11366006256517205,2.6950374821753127,0.0009624632311279267,1.0806532864588365
frozenset({'SKU_8718362'}),frozenset({'SKU_5528349'}),0.017296325934661443,0.03396088671748866,0.001558354041191088,0.0900974025974026,2.652975564121699,0.0009709554754952894,1.0616950825727511
frozenset({'SKU_5528349'}),frozenset({'SKU_8718362'}),0.03396088671748866,0.017296325934661443,0.001558354041191088,0.04588673005374122,2.652975564121699,0.0009709554754952894,1.0299654192218604
frozenset({'SKU_7064350'}),frozenset({'SKU_3524026'}),0.005826278622471185,0.033048337053728116,0.0005054121214673799,0.08674698795180723,2.6248518287252662,0.00031286330178302145,1.058799314307923
frozenset({'SKU_3524026'}),frozenset({'SKU_7064350'}),0.033048337053728116,0.005826278622471185,0.0005054121214673799,0.015293118096856415,2.6248518287252662,0.00031286330178302145,1.0096138654541427
frozenset({'SKU_4108011'}),frozenset({'SKU_348498'}),0.038355164329135605,0.007005573572561738,0.0007019612798158054,0.018301610541727673,2.6124357059653716,0.0004332613542203503,1.0115066267709774
frozenset({'SKU_348498'}),frozenset({'SKU_4108011'}),0.007005573572561738,0.038355164329135605,0.0007019612798158054,0.10020040080160321,2.6124357059653716,0.0004332613542203503,1.0687322338524752
frozenset({'SKU_3582465'}),frozenset({'SKU_3524026'}),0.00735655421246964,0.033048337053728116,0.0006317651518342248,0.08587786259541985,2.5985532178458626,0.0003886432686665048,1.0577926333691994
frozenset({'SKU_3524026'}),frozenset({'SKU_3582465'}),0.033048337053728116,0.00735655421246964,0.0006317651518342248,0.019116397621070518,2.5985532178458626,0.0003886432686665048,1.0119890304823935
frozenset({'SKU_3013129'}),frozenset({'SKU_4108011'}),0.006486122225498042,0.038355164329135605,0.000645804377430541,0.09956709956709957,2.595924207564032,0.00039702809361270484,1.067980562692162
frozenset({'SKU_4108011'}),frozenset({'SKU_3013129'}),0.038355164329135605,0.006486122225498042,0.000645804377430541,0.01683748169838946,2.595924207564032,0.00039702809361270484,1.010528635174959
frozenset({'SKU_3898011'}),frozenset({'SKU_3559555'}),0.018012326440073567,0.01774558115374356,0.0008283143101826503,0.04598597038191738,2.5914040224158175,0.000508675109572604,1.0296016498200549
frozenset({'SKU_3559555'}),frozenset({'SKU_3898011'}),0.01774558115374356,0.018012326440073567,0.0008283143101826503,0.04667721518987342,2.591404022415817,0.000508675109572604,1.0300683978255163
frozenset({'SKU_3868338'}),frozenset({'SKU_4976322'}),0.018293110951999886,0.012312400847969225,0.0005756082494489604,0.031465848042977744,2.5556224518281208,0.00035037613465156194,1.0197757065729762
frozenset({'SKU_4976322'}),frozenset({'SKU_3868338'}),0.012312400847969225,0.018293110951999886,0.0005756082494489604,0.0467502850627138,2.5556224518281208,0.00035037613465156194,1.029852801070689
frozenset({'SKU_7261032'}),frozenset({'SKU_3524026'}),0.006233416164764352,0.033048337053728116,0.000519451347063696,0.08333333333333334,2.5215590484282076,0.0003134473086544065,1.0548563595777511
frozenset({'SKU_3524026'}),frozenset({'SKU_7261032'}),0.033048337053728116,0.006233416164764352,0.000519451347063696,0.015717926932880204,2.521559048428207,0.0003134473086544065,1.009635968212406
frozenset({'SKU_264715'}),frozenset({'SKU_3524026'}),0.012312400847969225,0.033048337053728116,0.0010108242429347598,0.08209806157354618,2.484181320230298,0.0006039198697704649,1.0534367806259384
frozenset({'SKU_3524026'}),frozenset({'SKU_264715'}),0.033048337053728116,0.012312400847969225,0.0010108242429347598,0.03058623619371283,2.484181320230298,0.0006039198697704649,1.0188503980735673
frozenset({'SKU_3978011'}),frozenset({'SKU_264715'}),0.04217383369133359,0.012312400847969225,0.0012635303036684497,0.029960053262316908,2.433323413707607,0.0007442691579651609,1.018192706881503
frozenset({'SKU_264715'}),frozenset({'SKU_3978011'}),0.012312400847969225,0.04217383369133359,0.0012635303036684497,0.10262257696693274,2.433323413707607,0.0007442691579651609,1.0673615601686157
frozenset({'SKU_264715'}),frozenset({'SKU_3998011'}),0.012312400847969225,0.01781577728172514,0.000533490572660012,0.043329532497149374,2.432087683403824,0.00031413558134926853,1.026669324581558
frozenset({'SKU_3998011'}),frozenset({'SKU_264715'}),0.01781577728172514,0.012312400847969225,0.000533490572660012,0.029944838455476748,2.432087683403824,0.00031413558134926853,1.0181767370624915
frozenset({'SKU_1832285'}),frozenset({'SKU_4976322'}),0.021662525095115754,0.012312400847969225,0.000645804377430541,0.02981205443940376,2.4213031079410383,0.00037908668508028313,1.018037385097918
frozenset({'SKU_4976322'}),frozenset({'SKU_1832285'}),0.012312400847969225,0.021662525095115754,0.000645804377430541,0.052451539338654506,2.421303107941038,0.00037908668508028313,1.032493339941737
frozenset({'SKU_4108011'}),frozenset({'SKU_4008011'}),0.038355164329135605,0.007721574077973859,0.0007019612798158054,0.018301610541727673,2.370191667775855,0.00040579903717552425,1.0107772780085664
frozenset({'SKU_4008011'}),frozenset({'SKU_4108011'}),0.007721574077973859,0.038355164329135605,0.0007019612798158054,0.09090909090909091,2.370191667775855,0.00040579903717552425,1.057809319237951
frozenset({'SKU_4008011'}),frozenset({'SKU_3524026'}),0.007721574077973859,0.033048337053728116,0.0006036867006415926,0.07818181818181817,2.3656808527071904,0.00034850151792738254,1.0489613700600582
frozenset({'SKU_3524026'}),frozenset({'SKU_4008011'}),0.033048337053728116,0.007721574077973859,0.0006036867006415926,0.018266779949022937,2.3656808527071904,0.00034850151792738254,1.0107414169712026
frozenset({'SKU_3559555'}),frozenset({'SKU_3968011'}),0.01774558115374356,0.01861601314071516,0.0007721574077973859,0.043512658227848104,2.3373779282891345,0.0004418054358496685,1.0260292468073913
frozenset({'SKU_3968011'}),frozenset({'SKU_3559555'}),0.01861601314071516,0.01774558115374356,0.0007721574077973859,0.04147812971342383,2.3373779282891345,0.0004418054358496685,1.0247595274509331
frozenset({'SKU_3559555'}),frozenset({'SKU_3998011'}),0.01774558115374356,0.01781577728172514,0.0007300397310084376,0.04113924050632912,2.3091465421791306,0.0004138884094385633,1.0243241398646035
frozenset({'SKU_3998011'}),frozenset({'SKU_3559555'}),0.01781577728172514,0.01774558115374356,0.0007300397310084376,0.04097714736012609,2.3091465421791306,0.0004138884094385633,1.0242242050253898
frozenset({'SKU_3978011'}),frozenset({'SKU_803921'}),0.04217383369133359,0.021255387552822587,0.0020637661626584677,0.048934753661784285,2.3022282487286874,0.001167344982960886,1.0291035407039975
frozenset({'SKU_803921'}),frozenset({'SKU_3978011'}),0.021255387552822587,0.04217383369133359,0.0020637661626584677,0.09709379128137384,2.3022282487286874,0.001167344982960886,1.0608257613689254
frozenset({'SKU_3161221'}),frozenset({'SKU_4976322'}),0.021072877620070478,0.012312400847969225,0.0005756082494489604,0.02731512325116589,2.218505033132606,0.00031615053317045295,1.0154240317309577
frozenset({'SKU_4976322'}),frozenset({'SKU_3161221'}),0.012312400847969225,0.021072877620070478,0.0005756082494489604,0.0467502850627138,2.218505033132606,0.00031615053317045295,1.0269367061330121
frozenset({'SKU_6318344'}),frozenset({'SKU_3559555'}),0.025551390585295316,0.01774558115374356,0.0009967850173384436,0.03901098901098901,2.1983494748921966,0.0005433607421160865,1.022128669125321
frozenset({'SKU_3559555'}),frozenset({'SKU_6318344'}),0.01774558115374356,0.025551390585295316,0.0009967850173384436,0.05617088607594937,2.1983494748921966,0.0005433607421160865,1.03244177896076
frozenset({'SKU_3559555'}),frozenset({'SKU_3978011'}),0.01774558115374356,0.04217383369133359,0.0016425893947689845,0.0925632911392405,2.1948038164304133,0.00089419020643494,1.0555294456967343
frozenset({'SKU_3978011'}),frozenset({'SKU_3559555'}),0.04217383369133359,0.01774558115374356,0.0016425893947689845,0.03894806924101198,2.1948038164304133,0.00089419020643494,1.0220617506803444
frozenset({'SKU_3582465'}),frozenset({'SKU_4108011'}),0.00735655421246964,0.038355164329135605,0.0006177259262379087,0.08396946564885496,2.189261006113576,0.0003355640805224409,1.049795612274027
frozenset({'SKU_4108011'}),frozenset({'SKU_3582465'}),0.038355164329135605,0.00735655421246964,0.0006177259262379087,0.016105417276720352,2.189261006113576,0.0003355640805224409,1.008892073620362
frozenset({'SKU_3978011'}),frozenset({'SKU_348498'}),0.04217383369133359,0.007005573572561738,0.0006317651518342248,0.014980026631158454,2.138301236294159,0.0003363132570726044,1.0080957272686801
frozenset({'SKU_348498'}),frozenset({'SKU_3978011'}),0.007005573572561738,0.04217383369133359,0.0006317651518342248,0.09018036072144288,2.138301236294159,0.0003363132570726044,1.0527648832335343
frozenset({'SKU_3978011'}),frozenset({'SKU_3582465'}),0.04217383369133359,0.00735655421246964,0.0006598436030268571,0.015645805592543277,2.126784516319208,0.00034958950912888296,1.0084210047838151
frozenset({'SKU_3582465'}),frozenset({'SKU_3978011'}),0.00735655421246964,0.04217383369133359,0.0006598436030268571,0.08969465648854963,2.126784516319208,0.00034958950912888296,1.052203168020422
frozenset({'SKU_9402188'}),frozenset({'SKU_3524026'}),0.011245419702649202,0.033048337053728116,0.0007721574077973859,0.0686641697877653,2.0776891035738037,0.00040051498715360005,1.0382416649061177
frozenset({'SKU_3524026'}),frozenset({'SKU_9402188'}),0.033048337053728116,0.011245419702649202,0.0007721574077973859,0.02336448598130841,2.0776891035738037,0.00040051498715360005,1.012408996093938
frozenset({'SKU_3013129'}),frozenset({'SKU_3978011'}),0.006486122225498042,0.04217383369133359,0.0005615690238526443,0.08658008658008658,2.052933750670102,0.0002880243838128274,1.0486153763853172
frozenset({'SKU_3978011'}),frozenset({'SKU_3013129'}),0.04217383369133359,0.006486122225498042,0.0005615690238526443,0.013315579227696404,2.052933750670102,0.0002880243838128274,1.006921622413834
frozenset({'SKU_3524026'}),frozenset({'SKU_3998011'}),0.033048337053728116,0.01781577728172514,0.0012073734012831851,0.036533559898045874,2.050629580754854,0.0006185915888025806,1.0194275398054757
frozenset({'SKU_3998011'}),frozenset({'SKU_3524026'}),0.01781577728172514,0.033048337053728116,0.0012073734012831851,0.06776989755713159,2.050629580754854,0.0006185915888025806,1.0372456976152316
frozenset({'SKU_803921'}),frozenset({'SKU_726718'}),0.021255387552822587,0.018405424756770417,0.0008002358589900181,0.037648612945838836,2.0455172017689964,0.0004090214227105474,1.0199960102390182
frozenset({'SKU_726718'}),frozenset({'SKU_803921'}),0.018405424756770417,0.021255387552822587,0.0008002358589900181,0.043478260869565216,2.0455172017689964,0.0004090214227105474,1.023233003922049
frozenset({'SKU_803921'}),frozenset({'SKU_3690654'}),0.021255387552822587,0.011666596470538686,0.0005054121214673799,0.023778071334214005,2.0381326631344514,0.00025743409206368796,1.0124064769577839
frozenset({'SKU_3690654'}),frozenset({'SKU_803921'}),0.011666596470538686,0.021255387552822587,0.0005054121214673799,0.04332129963898917,2.0381326631344514,0.00025743409206368796,1.0230651231995023
frozenset({'SKU_803921'}),frozenset({'SKU_6318344'}),0.021255387552822587,0.025551390585295316,0.0010810203709163402,0.05085865257595772,1.9904455847982927,0.0005379156615123459,1.0266633226540451
frozenset({'SKU_6318344'}),frozenset({'SKU_803921'}),0.025551390585295316,0.021255387552822587,0.0010810203709163402,0.0423076923076923,1.9904455847982925,0.0005379156615123459,1.0219823262500647
frozenset({'SKU_9402188'}),frozenset({'SKU_3978011'}),0.011245419702649202,0.04217383369133359,0.0009406281149531791,0.08364544319600499,1.9833492920799731,0.0004663656546244057,1.0452571651406564
frozenset({'SKU_3978011'}),frozenset({'SKU_9402188'}),0.04217383369133359,0.011245419702649202,0.0009406281149531791,0.022303595206391476,1.983349292079973,0.0004663656546244057,1.0113104389558194
frozenset({'SKU_1832285'}),frozenset({'SKU_3864099'}),0.021662525095115754,0.013533813474848727,0.0005756082494489604,0.026571613739468567,1.9633500778512518,0.00028243167541743415,1.0133936922824955
frozenset({'SKU_3864099'}),frozenset({'SKU_1832285'}),0.013533813474848727,0.021662525095115754,0.0005756082494489604,0.04253112033195021,1.9633500778512516,0.00028243167541743415,1.0217955859244945
frozenset({'SKU_803921'}),frozenset({'SKU_264715'}),0.021255387552822587,0.012312400847969225,0.0005054121214673799,0.023778071334214005,1.9312294675766584,0.00024370726973809256,1.0117449425684537
frozenset({'SKU_264715'}),frozenset({'SKU_803921'}),0.012312400847969225,0.021255387552822587,0.0005054121214673799,0.04104903078677309,1.9312294675766581,0.00024370726973809256,1.0206409335507427
frozenset({'SKU_4108011'}),frozenset({'SKU_4112626'}),0.038355164329135605,0.008409496132193349,0.0006036867006415926,0.0157393850658858,1.8716204655391977,0.0002811390945660864,1.0074471017355329
frozenset({'SKU_4112626'}),frozenset({'SKU_4108011'}),0.008409496132193349,0.038355164329135605,0.0006036867006415926,0.0717863105175292,1.8716204655391977,0.0002811390945660864,1.0360166485015248
frozenset({'SKU_7808101'}),frozenset({'SKU_803921'}),0.014727147650535597,0.021255387552822587,0.0005756082494489604,0.03908484270734033,1.8388205159849036,0.0002625770185891857,1.0185546611677472
frozenset({'SKU_803921'}),frozenset({'SKU_7808101'}),0.021255387552822587,0.014727147650535597,0.0005756082494489604,0.027080581241743725,1.8388205159849034,0.0002625770185891857,1.0126972834060346
frozenset({'SKU_3978011'}),frozenset({'SKU_726718'}),0.04217383369133359,0.018405424756770417,0.0013898833340352946,0.0329560585885486,1.7905622404299988,0.0006136560113249051,1.0150465074115875
frozenset({'SKU_726718'}),frozenset({'SKU_3978011'}),0.018405424756770417,0.04217383369133359,0.0013898833340352946,0.07551487414187642,1.7905622404299986,0.0006136560113249051,1.0360644422695229
frozenset({'SKU_6318344'}),frozenset({'SKU_3690654'}),0.025551390585295316,0.011666596470538686,0.000533490572660012,0.020879120879120878,1.7896497004800251,0.0002353928094402503,1.0094089755463633
frozenset({'SKU_3690654'}),frozenset({'SKU_6318344'}),0.011666596470538686,0.025551390585295316,0.000533490572660012,0.045728038507821894,1.7896497004800251,0.0002353928094402503,1.0211434986426478
frozenset({'SKU_3524026'}),frozenset({'SKU_6318344'}),0.033048337053728116,0.025551390585295316,0.0015021971388058234,0.045454545454545456,1.778946053946054,0.0006577661705515285,1.0208509241487382
frozenset({'SKU_6318344'}),frozenset({'SKU_3524026'}),0.025551390585295316,0.033048337053728116,0.0015021971388058234,0.05879120879120879,1.778946053946054,0.0006577661705515285,1.0273508619744396
frozenset({'SKU_803921'}),frozenset({'SKU_3524026'}),0.021255387552822587,0.033048337053728116,0.0012494910780721335,0.05878467635402906,1.7787483908331079,0.0005470358660188355,1.0273437317197582
frozenset({'SKU_3524026'}),frozenset({'SKU_803921'}),0.033048337053728116,0.021255387552822587,0.0012494910780721335,0.037807986406117246,1.7787483908331079,0.0005470358660188355,1.0172030100223646
frozenset({'SKU_803921'}),frozenset({'SKU_2726578'}),0.021255387552822587,0.013463617346867147,0.0005054121214673799,0.023778071334214005,1.7660982722259952,0.00021923771689681367,1.010565685613561
frozenset({'SKU_2726578'}),frozenset({'SKU_803921'}),0.013463617346867147,0.021255387552822587,0.0005054121214673799,0.03753910323253389,1.766098272225995,0.00021923771689681367,1.0169188335177064
frozenset({'SKU_803921'}),frozenset({'SKU_3998011'}),0.021255387552822587,0.01781577728172514,0.0006598436030268571,0.031043593130779396,1.742477616321738,0.0002811623523490171,1.013651610903523
frozenset({'SKU_3998011'}),frozenset({'SKU_803921'}),0.01781577728172514,0.021255387552822587,0.0006598436030268571,0.037037037037037035,1.7424776163217377,0.0002811623523490171,1.016388636002838
frozenset({'SKU_4108011'}),frozenset({'SKU_9402188'}),0.038355164329135605,0.011245419702649202,0.0007440789566047536,0.019399707174231333,1.725120776920504,0.0003127590359595442,1.0083156078284294
frozenset({'SKU_9402188'}),frozenset({'SKU_4108011'}),0.011245419702649202,0.038355164329135605,0.0007440789566047536,0.066167290886392,1.7251207769205037,0.0003127590359595442,1.029782771888185
frozenset({'SKU_3998011'}),frozenset({'SKU_6318344'}),0.01781577728172514,0.025551390585295316,0.0007581181822010698,0.0425531914893617,1.6653963058218377,0.0003029002982950798,1.0177574364998025
frozenset({'SKU_6318344'}),frozenset({'SKU_3998011'}),0.025551390585295316,0.01781577728172514,0.0007581181822010698,0.02967032967032967,1.6653963058218375,0.0003029002982950798,1.0122170358704758
frozenset({'SKU_4108011'}),frozenset({'SKU_803921'}),0.038355164329135605,0.021255387552822587,0.0013477656572463462,0.03513909224011713,1.6531852055292622,0.0005325117747783724,1.0143893327790927
frozenset({'SKU_803921'}),frozenset({'SKU_4108011'}),0.021255387552822587,0.038355164329135605,0.0013477656572463462,0.06340819022457067,1.6531852055292622,0.0005325117747783724,1.0267491404835605
frozenset({'SKU_7808101'}),frozenset({'SKU_3978011'}),0.014727147650535597,0.04217383369133359,0.001024863468531076,0.0695900857959962,1.650077303982361,0.0004037631927696734,1.0294668529280648
frozenset({'SKU_3978011'}),frozenset({'SKU_7808101'}),0.04217383369133359,0.014727147650535597,0.001024863468531076,0.02430093209054594,1.650077303982361,0.0004037631927696734,1.0098122307941968
frozenset({'SKU_1832285'}),frozenset({'SKU_3868338'}),0.021662525095115754,0.018293110951999886,0.0006177259262379087,0.028515878159429683,1.5588315314029293,0.00022145095117247432,1.01052283509077
frozenset({'SKU_3868338'}),frozenset({'SKU_1832285'}),0.018293110951999886,0.021662525095115754,0.0006177259262379087,0.03376822716807368,1.5588315314029293,0.00022145095117247432,1.0125287766489788
frozenset({'SKU_3559555'}),frozenset({'SKU_3524026'}),0.01774558115374356,0.033048337053728116,0.0008844712125679147,0.049841772151898736,1.5081476587118077,0.00029800926538471216,1.0176743563397899
frozenset({'SKU_3524026'}),frozenset({'SKU_3559555'}),0.033048337053728116,0.01774558115374356,0.0008844712125679147,0.026762956669498725,1.5081476587118074,0.00029800926538471216,1.0092653435024388
